0026c31c	T	netflix::gibbon::GibbonApplication::createDebuggerBridge()
0026c498	T	netflix::gibbon::GibbonApplication::createEventLoop() const
0026c95c	T	netflix::gibbon::GibbonApplication::getWidgetCount() const
0026c9d0	T	netflix::gibbon::GibbonApplication::isIdle() const
0026ca28	T	netflix::gibbon::GibbonApplication::isSuspended() const
0026ca98	T	netflix::gibbon::GibbonApplication::isFocused() const
0026cb08	T	netflix::gibbon::GibbonApplication::describeTextDirection(netflix::gibbon::Style::TextDirection)
0026cc18	T	netflix::gibbon::GibbonApplication::addSocketizerCondition(netflix::Variant const&)
0026cc7c	T	netflix::gibbon::GibbonApplication::addSocketizerConditions(netflix::Variant const&)
0026cd3c	T	netflix::gibbon::GibbonApplication::validateScriptHash(std::shared_ptr<netflix::gibbon::GibbonResource> const&) const
0026d424	T	netflix::gibbon::GibbonApplication::rerender()
0026d4b8	T	netflix::gibbon::GibbonApplication::setTextDirection(std::string const&)
0026d580	T	netflix::gibbon::GibbonApplication::hasExternalEventLoop() const
0026d664	T	netflix::gibbon::GibbonApplication::clearScene()
0026d7a8	T	netflix::gibbon::GibbonApplication::eventLoop() const
0026d884	T	netflix::gibbon::GibbonApplication::runEventLoop()
0026d9bc	T	netflix::gibbon::GibbonApplication::stopInput()
0026dad4	T	netflix::gibbon::GibbonApplication::startInput()
0026dbe0	T	netflix::gibbon::GibbonApplication::resourceManager() const
0026de20	T	netflix::gibbon::GibbonApplication::getWidget(int) const
0026df58	T	netflix::gibbon::GibbonApplication::reloadCaches()
0026e148	T	netflix::gibbon::GibbonApplication::changedScene()
0026e24c	T	netflix::gibbon::GibbonApplication::garbageCollect(netflix::Flags<netflix::gibbon::GibbonApplication::CollectType>)
0026e4f8	T	netflix::gibbon::GibbonApplication::restart()
0026e7ec	T	netflix::gibbon::GibbonApplication::loadInjectJS()
0026eb30	T	netflix::gibbon::GibbonApplication::setLocation(netflix::Variant const&, netflix::Flags<netflix::gibbon::GibbonScriptBindings::LocationFlag>)
0026f02c	T	netflix::gibbon::GibbonApplication::clearScriptHashes()
0026f0b4	T	netflix::gibbon::GibbonApplication::getRootWidgets() const
0026f320	T	netflix::gibbon::GibbonApplication::getWidgets() const
0026f504	T	netflix::gibbon::GibbonApplication::~GibbonApplication()
0026f504	T	netflix::gibbon::GibbonApplication::~GibbonApplication()
0026f7a4	T	netflix::gibbon::GibbonApplication::~GibbonApplication()
0026f7fc	T	netflix::gibbon::GibbonApplication::removeWidget(int)
0026f9c4	T	netflix::gibbon::GibbonApplication::removeWidget(std::shared_ptr<netflix::gibbon::Widget> const&)
0026fa14	T	netflix::gibbon::GibbonApplication::graphicsError(netflix::Variant const&)
0026fef0	T	netflix::gibbon::GibbonApplication::setSuspended(bool)
002704e8	T	netflix::gibbon::GibbonApplication::findWidget(std::string) const
00270fd4	T	netflix::gibbon::GibbonApplication::dumpMalloc(int) const
002725f0	T	netflix::gibbon::GibbonApplication::reload(netflix::gibbon::GibbonApplication::Location, netflix::Flags<netflix::gibbon::GibbonScriptBindings::LocationFlag>)
00272a14	T	netflix::gibbon::GibbonApplication::loadPrefetchUrls(std::string const&, netflix::Variant const&, netflix::Variant*)
00273364	T	netflix::gibbon::GibbonApplication::exec()
00273a84	T	netflix::gibbon::GibbonApplication::GibbonApplication()
00273a84	T	netflix::gibbon::GibbonApplication::GibbonApplication()
00273f14	T	netflix::gibbon::GibbonApplication::cleanupGraphics()
002744f4	T	netflix::gibbon::GibbonApplication::dumpScriptHashes(std::vector<std::string, std::allocator<std::string> > const&) const
0027476c	T	netflix::gibbon::GibbonApplication::addPlayer(std::string const&, std::shared_ptr<netflix::mediacontrol::IMediaSourcePlayer> const&)
00274b58	T	netflix::gibbon::GibbonApplication::removePlayer(std::string const&)
00274ce8	T	netflix::gibbon::GibbonApplication::addWidget(std::shared_ptr<netflix::gibbon::Widget> const&)
00274e74	T	netflix::gibbon::GibbonApplication::setScriptHash(std::string const&, netflix::DataBuffer const&)
002750e8	T	netflix::gibbon::GibbonApplication::setScriptHashes(std::map<std::string, netflix::DataBuffer, std::less<std::string>, std::allocator<std::pair<std::string const, netflix::DataBuffer> > > const&)
002753ec	T	netflix::gibbon::GibbonApplication::initGraphics()
00275aa8	T	netflix::gibbon::GibbonApplication::initSurfaceCache(netflix::DataBuffer const&)
00275f9c	T	netflix::gibbon::GibbonApplication::start()
002767dc	T	netflix::gibbon::GibbonApplication::stop()
00276aac	T	netflix::gibbon::GibbonApplication::eventFired(std::shared_ptr<netflix::EventLoop::Event> const&)
002777e8	T	netflix::gibbon::GibbonApplication::stats(netflix::Flags<netflix::NrdApplication::Stat>) const
00278370	T	netflix::gibbon::GibbonApplication::dataURI_internal(std::string const&) const
0027b024	T	netflix::gibbon::GibbonApplication::dataURI(std::string const&) const
0027b410	T	netflix::gibbon::GibbonApplication::send(netflix::Request const&)
0027b72c	T	netflix::gibbon::GibbonApplication::versionInfo() const
0027c5c8	W	std::_Sp_counted_ptr<netflix::gibbon::GibbonScriptBindings*, (__gnu_cxx::_Lock_policy)2>::~_Sp_counted_ptr()
0027c5c8	W	std::_Sp_counted_ptr<netflix::gibbon::GibbonScriptBindings*, (__gnu_cxx::_Lock_policy)2>::~_Sp_counted_ptr()
0027c830	W	std::_Sp_counted_ptr<netflix::gibbon::GibbonConsoleSink*, (__gnu_cxx::_Lock_policy)2>::~_Sp_counted_ptr()
0027c830	W	std::_Sp_counted_ptr<netflix::gibbon::GibbonConsoleSink*, (__gnu_cxx::_Lock_policy)2>::~_Sp_counted_ptr()
0027c888	W	std::_Sp_counted_ptr<netflix::gibbon::GibbonConsole*, (__gnu_cxx::_Lock_policy)2>::~_Sp_counted_ptr()
0027c888	W	std::_Sp_counted_ptr<netflix::gibbon::GibbonConsole*, (__gnu_cxx::_Lock_policy)2>::~_Sp_counted_ptr()
0027d03c	W	std::_Sp_counted_ptr<netflix::gibbon::GibbonScriptBindings*, (__gnu_cxx::_Lock_policy)2>::_M_dispose()
0027d0a8	W	std::_Sp_counted_ptr<netflix::gibbon::GibbonScriptBindings*, (__gnu_cxx::_Lock_policy)2>::_M_get_deleter(std::type_info const&)
0027d4bc	W	std::_Sp_counted_ptr<netflix::gibbon::GibbonConsoleSink*, (__gnu_cxx::_Lock_policy)2>::_M_dispose()
0027d528	W	std::_Sp_counted_ptr<netflix::gibbon::GibbonConsoleSink*, (__gnu_cxx::_Lock_policy)2>::_M_get_deleter(std::type_info const&)
0027d570	W	std::_Sp_counted_ptr<netflix::gibbon::GibbonConsole*, (__gnu_cxx::_Lock_policy)2>::_M_dispose()
0027d5dc	W	std::_Sp_counted_ptr<netflix::gibbon::GibbonConsole*, (__gnu_cxx::_Lock_policy)2>::_M_get_deleter(std::type_info const&)
0027df98	W	std::_Sp_counted_ptr<netflix::gibbon::GibbonScriptBindings*, (__gnu_cxx::_Lock_policy)2>::~_Sp_counted_ptr()
0027dffc	W	std::_Sp_counted_ptr<netflix::gibbon::GibbonScriptBindings*, (__gnu_cxx::_Lock_policy)2>::_M_destroy()
0027e5b8	W	std::_Sp_counted_ptr<netflix::gibbon::GibbonConsoleSink*, (__gnu_cxx::_Lock_policy)2>::~_Sp_counted_ptr()
0027e61c	W	std::_Sp_counted_ptr<netflix::gibbon::GibbonConsoleSink*, (__gnu_cxx::_Lock_policy)2>::_M_destroy()
0027e698	W	std::_Sp_counted_ptr<netflix::gibbon::GibbonConsole*, (__gnu_cxx::_Lock_policy)2>::~_Sp_counted_ptr()
0027e6fc	W	std::_Sp_counted_ptr<netflix::gibbon::GibbonConsole*, (__gnu_cxx::_Lock_policy)2>::_M_destroy()
0027ea68	W	netflix::gibbon::GibbonApplication::defaultConfigurationOptions() const
0027f468	W	netflix::gibbon::GibbonApplication::scriptBindings() const
0027f648	W	netflix::gibbon::GibbonApplication::createConsoleSink() const
0027f8e8	W	netflix::gibbon::GibbonApplication::createConsole() const
0028160c	W	netflix::gibbon::GibbonApplication::initConfiguration(int, char**)
00282b60	W	netflix::gibbon::GibbonApplication::getDebugger()
0028b734	T	netflix::gibbon::GibbonConfiguration::uiAspectRatioString()
0028b87c	T	netflix::gibbon::GibbonConfiguration::setSplashScreenMode(netflix::ConfigurationOption::FunctionMode, netflix::Variant&)
0028ba08	T	netflix::gibbon::GibbonConfiguration::setUIAspectRatio(netflix::ConfigurationOption::FunctionMode, netflix::Variant&)
0028bbdc	T	netflix::gibbon::GibbonConfiguration::parsePrefetchUrl(netflix::ConfigurationOption::FunctionMode, netflix::Variant&)
0028bda4	T	netflix::gibbon::GibbonConfiguration::hasInjectJS(std::string const&)
0028bfc0	T	netflix::gibbon::GibbonConfiguration::defaultOptions()
0028e5e0	T	netflix::gibbon::GibbonConfiguration::availableScriptEngines()
0028e6d8	T	netflix::gibbon::GibbonConfiguration::isValid()
0028eba8	T	netflix::gibbon::GibbonConfiguration::init(int, char**, std::vector<netflix::ConfigurationOption, std::allocator<netflix::ConfigurationOption> > const&)
0028ec9c	T	netflix::gibbon::GibbonConfiguration::addScriptHash(std::string const&, netflix::DataBuffer const&)
0028eeec	T	netflix::gibbon::GibbonConfiguration::addScriptHashes(std::map<std::string, netflix::DataBuffer, std::less<std::string>, std::allocator<std::pair<std::string const, netflix::DataBuffer> > > const&)
0028f108	T	netflix::gibbon::GibbonConfiguration::removeInjectJS(std::string const&)
0028f36c	T	netflix::gibbon::GibbonConfiguration::addInjectJS(netflix::ConfigurationOption::FunctionMode, netflix::Variant&)
0028fbbc	T	netflix::gibbon::GibbonConfiguration::addScriptHash(netflix::ConfigurationOption::FunctionMode, netflix::Variant&)
00291ad4	T	netflix::gibbon::GibbonConsole::updateCompletions()
00291b18	T	non-virtual thunk to netflix::gibbon::GibbonConsole::updateCompletions()
00292324	T	netflix::gibbon::GibbonConsole::consoleReceive(std::string const&, std::string const&)
0029238c	T	netflix::gibbon::GibbonConsoleSink::GibbonConsoleSink()
0029238c	T	netflix::gibbon::GibbonConsoleSink::GibbonConsoleSink()
00292b34	T	netflix::gibbon::GibbonConsoleSink::receive(std::string const&, std::string const&)
00292ce4	T	netflix::gibbon::GibbonConsole::stop()
00292e28	T	non-virtual thunk to netflix::gibbon::GibbonConsole::stop()
00292e30	T	netflix::gibbon::GibbonConsole::~GibbonConsole()
00292e30	T	netflix::gibbon::GibbonConsole::~GibbonConsole()
00292f90	T	non-virtual thunk to netflix::gibbon::GibbonConsole::~GibbonConsole()
00292f98	T	netflix::gibbon::GibbonConsole::~GibbonConsole()
00292ff0	T	non-virtual thunk to netflix::gibbon::GibbonConsole::~GibbonConsole()
002934d8	T	netflix::gibbon::GibbonConsole::dumpAllViews(unsigned char)
00293688	T	netflix::gibbon::GibbonConsole::run()
00293d70	T	netflix::gibbon::GibbonConsole::GibbonConsole()
00293d70	T	netflix::gibbon::GibbonConsole::GibbonConsole()
0029600c	T	netflix::gibbon::GibbonConsole::handleCommand(netflix::Console::Command::Arguments const&, netflix::Flags<netflix::Console::Flag>)
0029639c	T	non-virtual thunk to netflix::gibbon::GibbonConsole::handleCommand(netflix::Console::Command::Arguments const&, netflix::Flags<netflix::Console::Flag>)
002963a4	T	netflix::gibbon::GibbonConsole::dumpStats(std::vector<std::string, std::allocator<std::string> > const&)
00297758	T	netflix::gibbon::GibbonConsole::handleSequence(std::string const&)
00297cc0	T	non-virtual thunk to netflix::gibbon::GibbonConsole::handleSequence(std::string const&)
0029a620	W	std::_Sp_counted_ptr<netflix::gibbon::GibbonConsoleJSEvent*, (__gnu_cxx::_Lock_policy)2>::~_Sp_counted_ptr()
0029a620	W	std::_Sp_counted_ptr<netflix::gibbon::GibbonConsoleJSEvent*, (__gnu_cxx::_Lock_policy)2>::~_Sp_counted_ptr()
0029b6a0	W	std::_Sp_counted_ptr<netflix::gibbon::GibbonConsoleCommandEvent*, (__gnu_cxx::_Lock_policy)2>::~_Sp_counted_ptr()
0029b6a0	W	std::_Sp_counted_ptr<netflix::gibbon::GibbonConsoleCommandEvent*, (__gnu_cxx::_Lock_policy)2>::~_Sp_counted_ptr()
0029ba44	W	std::_Sp_counted_ptr<netflix::gibbon::GibbonConsoleJSEvent*, (__gnu_cxx::_Lock_policy)2>::_M_dispose()
0029bab0	W	std::_Sp_counted_ptr<netflix::gibbon::GibbonConsoleJSEvent*, (__gnu_cxx::_Lock_policy)2>::_M_get_deleter(std::type_info const&)
0029db98	W	std::_Sp_counted_ptr<netflix::gibbon::GibbonConsoleCommandEvent*, (__gnu_cxx::_Lock_policy)2>::_M_dispose()
0029dc04	W	std::_Sp_counted_ptr<netflix::gibbon::GibbonConsoleCommandEvent*, (__gnu_cxx::_Lock_policy)2>::_M_get_deleter(std::type_info const&)
0029e0e4	W	std::_Sp_counted_ptr<netflix::gibbon::GibbonConsoleJSEvent*, (__gnu_cxx::_Lock_policy)2>::~_Sp_counted_ptr()
0029e148	W	std::_Sp_counted_ptr<netflix::gibbon::GibbonConsoleJSEvent*, (__gnu_cxx::_Lock_policy)2>::_M_destroy()
002a0ae4	W	std::_Sp_counted_ptr<netflix::gibbon::GibbonConsoleCommandEvent*, (__gnu_cxx::_Lock_policy)2>::~_Sp_counted_ptr()
002a0b48	W	std::_Sp_counted_ptr<netflix::gibbon::GibbonConsoleCommandEvent*, (__gnu_cxx::_Lock_policy)2>::_M_destroy()
002a1190	W	netflix::gibbon::GibbonConsoleJSEvent::describe() const
002a12f0	W	netflix::gibbon::GibbonConsoleCommandEvent::eventFired()
002a25f0	W	netflix::gibbon::GibbonConsoleSink::~GibbonConsoleSink()
002a25f0	W	netflix::gibbon::GibbonConsoleSink::~GibbonConsoleSink()
002a26d0	W	netflix::gibbon::GibbonConsoleSink::~GibbonConsoleSink()
002a36d0	W	netflix::gibbon::GibbonApplication::getSurfaceCache() const
002a3794	W	netflix::gibbon::GibbonApplication::gibbonScriptBindings() const
002af868	W	netflix::gibbon::GibbonConsoleCommandEvent::GibbonConsoleCommandEvent(std::shared_ptr<netflix::Console::Command const> const&, netflix::Console::Command::Arguments const&)
002af868	W	netflix::gibbon::GibbonConsoleCommandEvent::GibbonConsoleCommandEvent(std::shared_ptr<netflix::Console::Command const> const&, netflix::Console::Command::Arguments const&)
002ba4fc	W	std::__shared_count<(__gnu_cxx::_Lock_policy)2>::__shared_count<netflix::gibbon::GibbonConsoleCommandEvent*>(netflix::gibbon::GibbonConsoleCommandEvent*)
002ba4fc	W	std::__shared_count<(__gnu_cxx::_Lock_policy)2>::__shared_count<netflix::gibbon::GibbonConsoleCommandEvent*>(netflix::gibbon::GibbonConsoleCommandEvent*)
002cd21c	W	netflix::gibbon::GibbonConsoleJSEvent::eventFired()
002d69e8	W	netflix::gibbon::GibbonConsoleCommandEvent::~GibbonConsoleCommandEvent()
002d69e8	W	netflix::gibbon::GibbonConsoleCommandEvent::~GibbonConsoleCommandEvent()
002d6b30	W	netflix::gibbon::GibbonConsoleJSEvent::~GibbonConsoleJSEvent()
002d6b30	W	netflix::gibbon::GibbonConsoleJSEvent::~GibbonConsoleJSEvent()
002d6c68	W	netflix::gibbon::GibbonConsoleJSEvent::~GibbonConsoleJSEvent()
002d6da8	W	netflix::gibbon::GibbonConsoleCommandEvent::~GibbonConsoleCommandEvent()
003111c0	T	netflix::gibbon::GibbonScriptBindings::garbageCollect()
003112b0	T	netflix::gibbon::GibbonScriptBindings::releaseMemory()
003113a0	T	netflix::gibbon::GibbonScriptBindings::heap(_IO_FILE*)
00311508	T	netflix::gibbon::GibbonScriptBindings::dump(std::string&)
00311670	T	netflix::gibbon::GibbonScriptBindings::setGarbageCollectTimeout(int)
003117cc	T	netflix::gibbon::GibbonScriptBindings::dirtyGCTimer()
00311ac0	T	netflix::gibbon::GibbonScriptBindings::setSuspended(bool)
00311cec	T	netflix::gibbon::GibbonScriptBindings::createEventConnection(netflix::ScriptEngine::Function&&)
003121dc	T	netflix::gibbon::GibbonScriptBindings::injectJS()
00312f78	T	netflix::gibbon::GibbonScriptBindings::bindPrototype(netflix::ScriptEngine::Object&&, netflix::NfObject::Class const*)
003133e4	T	netflix::gibbon::GibbonScriptBindings::LocationData::LocationData()
003133e4	T	netflix::gibbon::GibbonScriptBindings::LocationData::LocationData()
003135b8	T	netflix::gibbon::GibbonScriptBindings::loadScript(netflix::Url const&)
00313a64	T	netflix::gibbon::GibbonScriptBindings::GibbonScriptBindings(std::shared_ptr<netflix::NrdpBridge> const&, std::shared_ptr<netflix::EventLoop> const&, netflix::Flags<netflix::ScriptEngine::Flag>)
00313a64	T	netflix::gibbon::GibbonScriptBindings::GibbonScriptBindings(std::shared_ptr<netflix::NrdpBridge> const&, std::shared_ptr<netflix::EventLoop> const&, netflix::Flags<netflix::ScriptEngine::Flag>)
00313cec	T	netflix::gibbon::GibbonScriptBindings::~GibbonScriptBindings()
00313cec	T	netflix::gibbon::GibbonScriptBindings::~GibbonScriptBindings()
00313e68	T	netflix::gibbon::GibbonScriptBindings::~GibbonScriptBindings()
00313ec0	T	netflix::gibbon::GibbonScriptBindings::syncBegin()
00313f78	T	netflix::gibbon::GibbonScriptBindings::syncEnd()
0031401c	T	netflix::gibbon::GibbonScriptBindings::dumpScriptLoads()
00314674	T	netflix::gibbon::GibbonScriptBindings::getScriptStats(netflix::Flags<netflix::gibbon::GibbonScriptBindings::StatsFlag>)
00314e7c	T	netflix::gibbon::GibbonScriptBindings::LocationData::toVariant() const
00315050	T	netflix::gibbon::GibbonScriptBindings::evaluate(netflix::DataBuffer const&, netflix::Url const&, netflix::ScriptEngine::Value*, netflix::ScriptEngine::Value*)
00315b74	T	netflix::gibbon::GibbonScriptBindings::setLocation(netflix::gibbon::GibbonScriptBindings::LocationData const&)
00316aa4	T	netflix::gibbon::GibbonScriptBindings::showErrorPage(netflix::Variant const&)
00316ebc	T	netflix::gibbon::GibbonScriptBindings::showErrorPage(std::shared_ptr<netflix::Resource> const&, netflix::ScriptEngine::Value const&)
00317fa4	T	netflix::gibbon::GibbonScriptBindings::stateChanged(netflix::ScriptBindings::State)
00318b64	T	netflix::gibbon::GibbonScriptBindings::loadScripts()
00318c40	T	netflix::gibbon::GibbonScriptBindings::bindObjects()
00319680	W	std::_Sp_counted_ptr<netflix::gibbon::GibbonScriptBindingsLoadRequest*, (__gnu_cxx::_Lock_policy)2>::~_Sp_counted_ptr()
00319680	W	std::_Sp_counted_ptr<netflix::gibbon::GibbonScriptBindingsLoadRequest*, (__gnu_cxx::_Lock_policy)2>::~_Sp_counted_ptr()
00319d7c	W	std::_Sp_counted_ptr<netflix::gibbon::GibbonScriptBindingsLoadRequest*, (__gnu_cxx::_Lock_policy)2>::_M_dispose()
00319de8	W	std::_Sp_counted_ptr<netflix::gibbon::GibbonScriptBindingsLoadRequest*, (__gnu_cxx::_Lock_policy)2>::_M_get_deleter(std::type_info const&)
0031a72c	W	std::_Sp_counted_ptr<netflix::gibbon::GibbonScriptBindingsLoadRequest*, (__gnu_cxx::_Lock_policy)2>::~_Sp_counted_ptr()
0031a790	W	std::_Sp_counted_ptr<netflix::gibbon::GibbonScriptBindingsLoadRequest*, (__gnu_cxx::_Lock_policy)2>::_M_destroy()
0031b5a8	W	netflix::gibbon::GibbonApplication::getLocation() const
0031b940	W	std::vector<netflix::gibbon::GibbonScriptBindings::ScriptLoad, std::allocator<netflix::gibbon::GibbonScriptBindings::ScriptLoad> >::~vector()
0031b940	W	std::vector<netflix::gibbon::GibbonScriptBindings::ScriptLoad, std::allocator<netflix::gibbon::GibbonScriptBindings::ScriptLoad> >::~vector()
0031d3d8	W	netflix::gibbon::GibbonScriptBindingsLoadRequest::GibbonScriptBindingsLoadRequest(std::shared_ptr<netflix::gibbon::GibbonScriptBindings> const&, netflix::gibbon::GibbonScriptBindings::LocationData const&)
0031d3d8	W	netflix::gibbon::GibbonScriptBindingsLoadRequest::GibbonScriptBindingsLoadRequest(std::shared_ptr<netflix::gibbon::GibbonScriptBindings> const&, netflix::gibbon::GibbonScriptBindings::LocationData const&)
0031d5ac	W	netflix::gibbon::GibbonScriptBindingsLoadRequest::~GibbonScriptBindingsLoadRequest()
0031d5ac	W	netflix::gibbon::GibbonScriptBindingsLoadRequest::~GibbonScriptBindingsLoadRequest()
0031d6f0	W	netflix::gibbon::GibbonScriptBindingsLoadRequest::~GibbonScriptBindingsLoadRequest()
0031da3c	W	std::_Rb_tree<netflix::gibbon::GibbonScriptBindingsLoadRequest*, netflix::gibbon::GibbonScriptBindingsLoadRequest*, std::_Identity<netflix::gibbon::GibbonScriptBindingsLoadRequest*>, std::less<netflix::gibbon::GibbonScriptBindingsLoadRequest*>, std::allocator<netflix::gibbon::GibbonScriptBindingsLoadRequest*> >::_M_erase(std::_Rb_tree_node<netflix::gibbon::GibbonScriptBindingsLoadRequest*>*)
0031dab4	W	void std::vector<netflix::gibbon::GibbonScriptBindings::ScriptLoad, std::allocator<netflix::gibbon::GibbonScriptBindings::ScriptLoad> >::_M_emplace_back_aux<netflix::gibbon::GibbonScriptBindings::ScriptLoad const&>(netflix::gibbon::GibbonScriptBindings::ScriptLoad const&)
0031dab4	W	void std::vector<netflix::gibbon::GibbonScriptBindings::ScriptLoad, std::allocator<netflix::gibbon::GibbonScriptBindings::ScriptLoad> >::_M_emplace_back_aux<netflix::gibbon::GibbonScriptBindings::ScriptLoad const&>(netflix::gibbon::GibbonScriptBindings::ScriptLoad const&)
0031efd4	W	netflix::gibbon::GibbonScriptBindingsLoadRequest::finish()
003a85a8	T	netflix::gibbon::GibbonBridge::staticClazz()
003ab290	T	netflix::gibbon::GibbonBridge::cookiesChanged()
003ab2f4	T	netflix::gibbon::GibbonBridge::fontsChanged()
003ab358	T	netflix::gibbon::GibbonBridge::locationChanged()
003ab3bc	T	netflix::gibbon::GibbonBridge::setTextBreakSuppressions(netflix::Variant const&)
003ab420	T	netflix::gibbon::GibbonBridge::reloadFonts(netflix::Variant const&)
003ab46c	T	netflix::gibbon::GibbonBridge::beginPendingSync(netflix::Variant const&)
003ab4c4	T	netflix::gibbon::GibbonBridge::dnsManagerRestart(netflix::Variant const&)
003ab51c	T	netflix::gibbon::GibbonBridge::dnsManagerClear(netflix::Variant const&)
003ab574	T	netflix::gibbon::GibbonBridge::dumpTasks() const
003ab60c	T	netflix::gibbon::GibbonBridge::updateDebug()
003ab670	T	netflix::gibbon::GibbonBridge::graphicsError(netflix::Variant const&)
003ab7c0	T	netflix::gibbon::GibbonBridge::resourceManagerClear(netflix::Variant const&)
003ab858	T	netflix::gibbon::GibbonBridge::datumChanged(netflix::NrdApplication::SystemDataKey)
003ab9fc	T	non-virtual thunk to netflix::gibbon::GibbonBridge::datumChanged(netflix::NrdApplication::SystemDataKey)
003aba04	T	netflix::gibbon::GibbonBridge::surfaceCacheInfo(netflix::Variant const&)
003abba0	T	netflix::gibbon::GibbonBridge::cookies() const
003abdc8	T	netflix::gibbon::GibbonBridge::endPendingSync(netflix::Variant const&)
003abf84	T	netflix::gibbon::GibbonBridge::start()
003ac13c	T	netflix::gibbon::GibbonBridge::findWidget(netflix::DumpInfo const&) const
003ac3f0	T	netflix::gibbon::GibbonBridge::getOverlay()
003ac4f0	T	netflix::gibbon::GibbonBridge::getWidget(int)
003ac6a4	T	netflix::gibbon::GibbonBridge::getRoot()
003ac7a4	T	netflix::gibbon::GibbonBridge::uiLoaded(netflix::Variant const&)
003aca44	T	netflix::gibbon::GibbonBridge::stopRequest(int)
003acbd8	T	netflix::gibbon::GibbonBridge::stopAllTimers()
003acd64	T	netflix::gibbon::GibbonBridge::startAllTimers()
003acefc	T	netflix::gibbon::GibbonBridge::createSyncEvent()
003ad200	T	netflix::gibbon::GibbonBridge::createChildren()
003ad5f8	T	netflix::gibbon::GibbonBridge::showErrorPage(netflix::Variant const&)
003ad7e0	T	netflix::gibbon::GibbonBridge::addSocketizerConditions(netflix::Variant const&)
003ad9e0	T	netflix::gibbon::GibbonBridge::directionForText(netflix::Variant const&)
003adb60	T	netflix::gibbon::GibbonBridge::runConsole(netflix::Variant const&)
003adea4	T	netflix::gibbon::GibbonBridge::sync(netflix::Variant const&)
003ae434	T	netflix::gibbon::GibbonBridge::fontManagerInfo(netflix::Variant const&)
003ae604	T	netflix::gibbon::GibbonBridge::moveMouse(netflix::Variant const&)
003ae864	T	netflix::gibbon::GibbonBridge::resourceManagerSetOption(netflix::Variant const&)
003aee78	T	netflix::gibbon::GibbonBridge::setProperty(int, netflix::Variant const&)
003af410	T	netflix::gibbon::GibbonBridge::resourceManagerInfo(netflix::Variant const&)
003af62c	T	netflix::gibbon::GibbonBridge::dnsManagerInfo(netflix::Variant const&)
003af954	T	netflix::gibbon::GibbonBridge::stopRequest(netflix::Variant const&)
003afb08	T	netflix::gibbon::GibbonBridge::resourceManagerSetCapacity(netflix::Variant const&)
003afd28	T	netflix::gibbon::GibbonBridge::diskCacheSetWriteLimit(netflix::Variant const&)
003affe4	T	netflix::gibbon::GibbonBridge::surfaceCacheSetCapacity(netflix::Variant const&)
003b0304	T	netflix::gibbon::GibbonBridge::setGlyphAtlasSize(netflix::Variant const&)
003b05c0	T	netflix::gibbon::GibbonBridge::eval(netflix::Variant const&)
003b0cdc	T	netflix::gibbon::GibbonBridge::extractDependsOn(netflix::Variant const&, netflix::DataBuffer&, netflix::Flags<netflix::ResourceRequest::Flag>&) const
003b1300	T	netflix::gibbon::GibbonBridge::removeWidget(int)
003b14e4	T	netflix::gibbon::GibbonBridge::clearScene()
003b197c	T	netflix::gibbon::GibbonBridge::shutdown()
003b1b78	T	netflix::gibbon::GibbonBridge::~GibbonBridge()
003b1b78	T	netflix::gibbon::GibbonBridge::~GibbonBridge()
003b1ca8	T	non-virtual thunk to netflix::gibbon::GibbonBridge::~GibbonBridge()
003b1cb0	T	netflix::gibbon::GibbonBridge::~GibbonBridge()
003b1d08	T	non-virtual thunk to netflix::gibbon::GibbonBridge::~GibbonBridge()
003b1d10	T	netflix::gibbon::GibbonBridge::removeInjectJS(netflix::Variant const&)
003b2744	T	netflix::gibbon::GibbonBridge::GibbonBridge()
003b2744	T	netflix::gibbon::GibbonBridge::GibbonBridge()
003b2abc	T	netflix::gibbon::GibbonBridge::setPrefetchUrls(std::string const&, netflix::Variant const&)
003b2c90	T	netflix::gibbon::GibbonBridge::setStat(netflix::Variant const&)
003b3030	T	netflix::gibbon::GibbonBridge::resourceManagerDisable(netflix::Variant const&)
003b3314	T	netflix::gibbon::GibbonBridge::clearDiskCache(netflix::Variant const&)
003b36a8	T	netflix::gibbon::GibbonBridge::clearDiskCacheStats(netflix::Variant const&)
003b3a3c	T	netflix::gibbon::GibbonBridge::reinitDiskCache(netflix::Variant const&)
003b3f40	T	netflix::gibbon::GibbonBridge::flushDiskCache(netflix::Variant const&)
003b42d4	T	netflix::gibbon::GibbonBridge::dumpDiskCache(netflix::Variant const&)
003b4764	T	netflix::gibbon::GibbonBridge::dumpNetwork(netflix::Variant const&)
003b4ad4	T	netflix::gibbon::GibbonBridge::diskCacheInfo(netflix::Variant const&)
003b5088	T	netflix::gibbon::GibbonBridge::diskCacheRemove(netflix::Variant const&)
003b55c0	T	netflix::gibbon::GibbonBridge::resourceManagerRemove(netflix::Variant const&)
003b5a18	T	netflix::gibbon::GibbonBridge::diskCachePurgeExpired(netflix::Variant const&)
003b6054	T	netflix::gibbon::GibbonBridge::garbageCollect(netflix::Variant const&)
003b6554	T	netflix::gibbon::GibbonBridge::setCookie(netflix::Variant const&)
003b6a34	T	netflix::gibbon::GibbonBridge::getRenderedFps(netflix::Variant const&)
003b6dec	T	netflix::gibbon::GibbonBridge::getNetworkStatistics(netflix::Variant const&)
003b7510	T	netflix::gibbon::GibbonBridge::cpuProfileStart(netflix::Variant const&)
003b787c	T	netflix::gibbon::GibbonBridge::cpuProfileStop(netflix::Variant const&)
003b7e44	T	netflix::gibbon::GibbonBridge::removeFont(netflix::Variant const&)
003b864c	T	netflix::gibbon::GibbonBridge::suspendChanged(bool)
003b8830	T	netflix::gibbon::GibbonBridge::reportHighWatermark(unsigned long long)
003b8a18	T	netflix::gibbon::GibbonBridge::reportCodepointMissing(std::string const&, unsigned int)
003b8bcc	T	netflix::gibbon::GibbonBridge::addInjectJS(netflix::Variant const&)
003b93d4	T	netflix::gibbon::GibbonBridge::requestFinished(std::shared_ptr<netflix::gibbon::GibbonBridgeRequest> const&)
003baaf0	T	netflix::gibbon::GibbonBridge::getHeapSize(netflix::Variant const&)
003baedc	T	netflix::gibbon::GibbonBridge::measureText(netflix::Variant const&)
003bbea0	T	netflix::gibbon::GibbonBridge::getProperty(int, netflix::Variant*) const
003bd900	T	netflix::gibbon::GibbonBridge::pendingSync_addInvoke(std::string const&, int, netflix::Variant const&)
003bda58	T	netflix::gibbon::GibbonBridge::invoke(netflix::Variant const&)
003bde8c	T	netflix::gibbon::GibbonBridge::stopTask(netflix::Variant const&)
003be12c	T	netflix::gibbon::GibbonBridge::handleTaskEvent(int)
003be2f8	T	netflix::gibbon::GibbonBridge::handleTimerEvent(int)
003be4d8	T	netflix::gibbon::GibbonBridge::stopTimer(netflix::Variant const&)
003be7c8	T	netflix::gibbon::GibbonBridge::loadFont(netflix::Variant const&)
003c0428	T	netflix::gibbon::GibbonBridge::createWidget(int)
003c0b60	T	netflix::gibbon::GibbonBridge::startTask(netflix::Variant const&)
003c133c	T	netflix::gibbon::GibbonBridge::startTimer(netflix::Variant const&)
003c1b90	T	netflix::gibbon::GibbonBridge::startRequest(std::shared_ptr<netflix::gibbon::GibbonBridgeRequest> const&)
003c1e40	T	netflix::gibbon::GibbonBridge::startRequest(netflix::Variant const&)
003c26e0	T	netflix::gibbon::GibbonBridge::hash(netflix::Variant const&)
003c2cfc	T	netflix::gibbon::GibbonBridge::diskCacheInsert(netflix::Variant const&)
003c3f2c	T	netflix::gibbon::GibbonBridge::widgetsAt(netflix::Variant const&)
003c452c	T	netflix::gibbon::GibbonBridge::getWidgetGlobalCoordinates(netflix::Variant const&)
003c4910	T	netflix::gibbon::GibbonBridge::eventFired(std::shared_ptr<netflix::EventLoop::Event> const&)
003c6568	T	netflix::gibbon::GibbonBridge::pendingSync_createWidget(int, netflix::Variant const&)
003c6624	T	netflix::gibbon::GibbonBridge::pendingSync_destroyWidget(int)
003c68c8	T	netflix::gibbon::GibbonBridge::pendingSync_addWidgetChange(int, int, netflix::Variant const&, bool)
003c6c6c	T	netflix::gibbon::GibbonBridge::pendingSync_createImage(int, int, netflix::Variant const&)
003c6db0	T	netflix::gibbon::GibbonBridge::pendingSync_destroyImage(int, int)
003c7148	T	netflix::gibbon::GibbonBridge::pendingSync_addImageChange(int, int, int, netflix::Variant const&, bool)
003c7408	T	netflix::gibbon::GibbonBridge::pendingSync_createEffect(int, int, netflix::Variant const&)
003c754c	T	netflix::gibbon::GibbonBridge::pendingSync_destroyEffect(int, int)
003c78e4	T	netflix::gibbon::GibbonBridge::pendingSync_addEffectChange(int, int, int, netflix::Variant const&, bool)
003c7ba4	T	netflix::gibbon::GibbonBridge::pendingSync_createText(int, netflix::Variant const&)
003c7c70	T	netflix::gibbon::GibbonBridge::pendingSync_destroyText(int)
003c7f28	T	netflix::gibbon::GibbonBridge::pendingSync_addTextChange(int, int, netflix::Variant const&, bool)
003c82e0	T	netflix::gibbon::GibbonBridge::pendingSync_createPlayer(int, int, netflix::Variant const&)
003c8424	T	netflix::gibbon::GibbonBridge::pendingSync_destroyPlayer(int, int)
003c874c	T	netflix::gibbon::GibbonBridge::pendingSync_addPlayerChange(int, int, int, netflix::Variant const&, bool)
003c8a0c	T	netflix::gibbon::GibbonBridge::localeInfo(netflix::Variant const&)
003c943c	T	netflix::gibbon::GibbonBridge::invoke(int, netflix::Variant const&)
003cb164	W	netflix::gibbon::GibbonBridge::clazz() const
003e81c0	T	netflix::gibbon::ThreadBridge::startThread(netflix::gibbon::GibbonScriptBindings::LocationData const&, std::string const&, std::shared_ptr<netflix::EventLoop> const&)
005104e4	T	netflix::gibbon::GibbonEventConnection::GibbonEventConnection(std::shared_ptr<netflix::gibbon::GibbonScriptBindings> const&, netflix::ScriptEngine::Function&&)
005104e4	T	netflix::gibbon::GibbonEventConnection::GibbonEventConnection(std::shared_ptr<netflix::gibbon::GibbonScriptBindings> const&, netflix::ScriptEngine::Function&&)
00510c84	W	std::weak_ptr<netflix::gibbon::GibbonScriptBindings>::lock() const
