0027b410	T	netflix::gibbon::GibbonApplication::send(netflix::Request const&)
002883a4	W	std::_Rb_tree<netflix::gibbon::DisplayList::Command::Type, std::pair<netflix::gibbon::DisplayList::Command::Type const, netflix::gibbon::DisplayList::CommandCreatorBase*>, std::_Select1st<std::pair<netflix::gibbon::DisplayList::Command::Type const, netflix::gibbon::DisplayList::CommandCreatorBase*> >, std::less<netflix::gibbon::DisplayList::Command::Type>, std::allocator<std::pair<netflix::gibbon::DisplayList::Command::Type const, netflix::gibbon::DisplayList::CommandCreatorBase*> > >::_M_erase(std::_Rb_tree_node<std::pair<netflix::gibbon::DisplayList::Command::Type const, netflix::gibbon::DisplayList::CommandCreatorBase*> >*)
0028a2d8	W	netflix::gibbon::Widget::Recurse::process(std::shared_ptr<netflix::gibbon::Widget> const&, netflix::gibbon::Rect const&)
0028a570	W	netflix::gibbon::Widget::RecurseMapTo::process(std::shared_ptr<netflix::gibbon::Widget> const&, netflix::gibbon::Rect const&)
0029600c	T	netflix::gibbon::GibbonConsole::handleCommand(netflix::Console::Command::Arguments const&, netflix::Flags<netflix::Console::Flag>)
0029639c	T	non-virtual thunk to netflix::gibbon::GibbonConsole::handleCommand(netflix::Console::Command::Arguments const&, netflix::Flags<netflix::Console::Flag>)
002af868	W	netflix::gibbon::GibbonConsoleCommandEvent::GibbonConsoleCommandEvent(std::shared_ptr<netflix::Console::Command const> const&, netflix::Console::Command::Arguments const&)
002af868	W	netflix::gibbon::GibbonConsoleCommandEvent::GibbonConsoleCommandEvent(std::shared_ptr<netflix::Console::Command const> const&, netflix::Console::Command::Arguments const&)
002b0818	W	std::_Rb_tree<std::string, std::pair<std::string const, std::shared_ptr<netflix::gibbon::DisplayList::Command> >, std::_Select1st<std::pair<std::string const, std::shared_ptr<netflix::gibbon::DisplayList::Command> > >, std::less<std::string>, std::allocator<std::pair<std::string const, std::shared_ptr<netflix::gibbon::DisplayList::Command> > > >::_M_erase(std::_Rb_tree_node<std::pair<std::string const, std::shared_ptr<netflix::gibbon::DisplayList::Command> > >*)
002c82f4	W	netflix::gibbon::Widget::RecurseReload::process(std::shared_ptr<netflix::gibbon::Widget> const&, netflix::gibbon::Rect const&)
002c8368	W	netflix::gibbon::Widget::RecurseWidgetsAt::process(std::shared_ptr<netflix::gibbon::Widget> const&, netflix::gibbon::Rect const&)
002c8514	W	ViewsCommand::invokeOnCurrentThread(netflix::Console::Command::Arguments const&) const::RecurseCheck::process(std::shared_ptr<netflix::gibbon::Widget> const&, netflix::gibbon::Rect const&)
002d76dc	T	netflix::gibbon::GibbonCookieManager::cookies(netflix::Url const&, netflix::Flags<netflix::gibbon::GibbonCookieManager::Flag>)
002d80f0	T	netflix::gibbon::GibbonCookieManager::load()
002d861c	T	netflix::gibbon::GibbonCookieManager::processCookie(netflix::Url const&, std::string const&)
002d9d60	T	netflix::gibbon::GibbonCookieManager::processHeaders(netflix::Url const&, netflix::HttpResponseHeaders const&)
002df274	T	netflix::gibbon::GibbonResourceManager::isNBP(netflix::Url const&)
002df454	T	netflix::gibbon::GibbonResourceManager::isSecure(netflix::Url const&)
002dfca4	T	netflix::gibbon::GibbonResourceManager::resourceFinished(std::shared_ptr<netflix::Resource> const&, netflix::ResourceRequest::State)
002e032c	T	netflix::gibbon::GibbonResourceManager::requestFinished(std::shared_ptr<netflix::ResourceRequest> const&, std::shared_ptr<netflix::Resource> const&, netflix::ResourceRequest::State)
002e21bc	T	netflix::gibbon::GibbonResourceRequest::onComplete(std::shared_ptr<netflix::Resource> const&, netflix::ResourceRequest::State)
002e2b20	T	netflix::gibbon::GibbonResourceManager::prepareRequest(netflix::Variant const&, netflix::ResourceRequest::Data*, netflix::Url const&) const
002e3e88	T	netflix::gibbon::SurfaceLoadSource::SurfaceLoadSource(netflix::Variant const&, netflix::Url)
002e3e88	T	netflix::gibbon::SurfaceLoadSource::SurfaceLoadSource(netflix::Variant const&, netflix::Url)
002e5584	T	netflix::gibbon::GibbonDiskCache::writeAllowed(int, netflix::Url const&)
002ec628	W	netflix::gibbon::DisplayList::Command::getFlags() const
002ec670	W	netflix::gibbon::DisplayList::Command::describe() const
002ec6c8	W	netflix::gibbon::DisplayList::Command::getSubcommands() const
002ec718	W	netflix::gibbon::DisplayList::Command::getSubsurface() const
002ec768	W	netflix::gibbon::DisplayList::Command::getSurface() const
002ec7b8	W	netflix::gibbon::DisplayList::Command::prerender()
002ec8d4	W	ClearClipCommand::write(netflix::gibbon::DisplayList::Writer&) const
002ec918	W	ClearClipCommand::read(netflix::gibbon::DisplayList::Reader&)
002ec9f8	W	FlushCommand::write(netflix::gibbon::DisplayList::Writer&) const
002eca3c	W	FlushCommand::read(netflix::gibbon::DisplayList::Reader&)
002eca80	W	FlushStateCommand::write(netflix::gibbon::DisplayList::Writer&) const
002ecac4	W	FlushStateCommand::read(netflix::gibbon::DisplayList::Reader&)
002eccc4	W	DrawTextCommand::write(netflix::gibbon::DisplayList::Writer&) const
002ecd08	W	DrawTextCommand::read(netflix::gibbon::DisplayList::Reader&)
002ecddc	W	SetCompositionModeCommand::write(netflix::gibbon::DisplayList::Writer&) const
002ece90	W	SetSmoothScaleCommand::write(netflix::gibbon::DisplayList::Writer&) const
002ecf9c	W	std::_Sp_counted_ptr<netflix::gibbon::DisplayList::Command*, (__gnu_cxx::_Lock_policy)2>::~_Sp_counted_ptr()
002ecf9c	W	std::_Sp_counted_ptr<netflix::gibbon::DisplayList::Command*, (__gnu_cxx::_Lock_policy)2>::~_Sp_counted_ptr()
002ed5d0	W	std::_Sp_counted_ptr<netflix::gibbon::DisplayList::Command*, (__gnu_cxx::_Lock_policy)2>::_M_dispose()
002ed63c	W	std::_Sp_counted_ptr<netflix::gibbon::DisplayList::Command*, (__gnu_cxx::_Lock_policy)2>::_M_get_deleter(std::type_info const&)
002ee670	W	std::_Sp_counted_ptr<netflix::gibbon::DisplayList::Command*, (__gnu_cxx::_Lock_policy)2>::~_Sp_counted_ptr()
002ee6d4	W	std::_Sp_counted_ptr<netflix::gibbon::DisplayList::Command*, (__gnu_cxx::_Lock_policy)2>::_M_destroy()
002efa2c	W	BatchBlitCommand::getRect(netflix::gibbon::DisplayList::Command::State*) const
002f00b8	W	SetOpacityCommand::read(netflix::gibbon::DisplayList::Reader&)
002f0198	W	SetCompositionModeCommand::read(netflix::gibbon::DisplayList::Reader&)
002f0278	W	SetSmoothScaleCommand::read(netflix::gibbon::DisplayList::Reader&)
002f0358	W	SetTransformCommand::read(netflix::gibbon::DisplayList::Reader&)
002f0644	W	SetProjectionCommand::read(netflix::gibbon::DisplayList::Reader&)
002f07ac	W	SetOpacityCommand::write(netflix::gibbon::DisplayList::Writer&) const
002f0860	W	SetTransformCommand::write(netflix::gibbon::DisplayList::Writer&) const
002f0968	W	SetProjectionCommand::write(netflix::gibbon::DisplayList::Writer&) const
002f0a70	W	netflix::gibbon::DisplayList::Command::~Command()
002f0a70	W	netflix::gibbon::DisplayList::Command::~Command()
002f1498	W	netflix::gibbon::DisplayList::Command::duplicate(netflix::gibbon::DisplayList::Command::State*)
002f1f3c	W	TextureMapCommand::write(netflix::gibbon::DisplayList::Writer&) const
002f20bc	W	SetClipCommand::write(netflix::gibbon::DisplayList::Writer&) const
002f2138	W	ClearRectCommand::write(netflix::gibbon::DisplayList::Writer&) const
002f21b4	W	FillRectCommand::write(netflix::gibbon::DisplayList::Writer&) const
002f223c	W	DrawRectCommand::write(netflix::gibbon::DisplayList::Writer&) const
002f22c4	W	BatchBlitCommand::write(netflix::gibbon::DisplayList::Writer&) const
002f2474	W	BlitCommand::write(netflix::gibbon::DisplayList::Writer&) const
002f2714	W	ClearRectCommand::read(netflix::gibbon::DisplayList::Reader&)
002f2768	W	FillRectCommand::read(netflix::gibbon::DisplayList::Reader&)
002f28b0	W	DrawRectCommand::read(netflix::gibbon::DisplayList::Reader&)
002f29f8	W	BlitCommand::read(netflix::gibbon::DisplayList::Reader&)
002f2b50	W	SetClipCommand::read(netflix::gibbon::DisplayList::Reader&)
002f2c10	W	netflix::gibbon::DisplayList::Command::getRect(netflix::gibbon::DisplayList::Command::State*) const
002f2d98	W	ClearRectCommand::getRect(netflix::gibbon::DisplayList::Command::State*) const
002f2e74	W	FillRectCommand::getRect(netflix::gibbon::DisplayList::Command::State*) const
002f2f50	W	DrawRectCommand::getRect(netflix::gibbon::DisplayList::Command::State*) const
002f302c	W	BlitCommand::getRect(netflix::gibbon::DisplayList::Command::State*) const
002f3108	W	DrawTextCommand::getRect(netflix::gibbon::DisplayList::Command::State*) const
002f35f4	W	netflix::gibbon::DisplayList::Command::~Command()
002f3d34	W	SetClipCommand::duplicate(netflix::gibbon::DisplayList::Command::State*)
002f5b60	W	void std::vector<std::shared_ptr<netflix::gibbon::DisplayList::Command>, std::allocator<std::shared_ptr<netflix::gibbon::DisplayList::Command> > >::_M_emplace_back_aux<std::shared_ptr<netflix::gibbon::DisplayList::Command> const&>(std::shared_ptr<netflix::gibbon::DisplayList::Command> const&)
002f5b60	W	void std::vector<std::shared_ptr<netflix::gibbon::DisplayList::Command>, std::allocator<std::shared_ptr<netflix::gibbon::DisplayList::Command> > >::_M_emplace_back_aux<std::shared_ptr<netflix::gibbon::DisplayList::Command> const&>(std::shared_ptr<netflix::gibbon::DisplayList::Command> const&)
002f5d44	W	netflix::gibbon::DisplayList::appendCommand(netflix::gibbon::DisplayList::Command*)
002f5f08	W	SetCompositionModeCommand::execute(netflix::gibbon::GraphicsEngine*, netflix::gibbon::DisplayList::Command::State*) const
002f60dc	W	SetOpacityCommand::execute(netflix::gibbon::GraphicsEngine*, netflix::gibbon::DisplayList::Command::State*) const
002f61c0	W	SetTransformCommand::execute(netflix::gibbon::GraphicsEngine*, netflix::gibbon::DisplayList::Command::State*) const
002f6318	W	SetProjectionCommand::execute(netflix::gibbon::GraphicsEngine*, netflix::gibbon::DisplayList::Command::State*) const
002f6490	W	SetSmoothScaleCommand::execute(netflix::gibbon::GraphicsEngine*, netflix::gibbon::DisplayList::Command::State*) const
002f6548	W	FlushStateCommand::execute(netflix::gibbon::GraphicsEngine*, netflix::gibbon::DisplayList::Command::State*) const
002f65dc	W	FlushCommand::execute(netflix::gibbon::GraphicsEngine*, netflix::gibbon::DisplayList::Command::State*) const
002f6808	W	TextureMapCommand::read(netflix::gibbon::DisplayList::Reader&)
002f6bc0	W	BatchBlitCommand::read(netflix::gibbon::DisplayList::Reader&)
002f8118	W	std::_Rb_tree<netflix::gibbon::DisplayList::Command::Type, std::pair<netflix::gibbon::DisplayList::Command::Type const, netflix::gibbon::DisplayList::CommandCreatorBase*>, std::_Select1st<std::pair<netflix::gibbon::DisplayList::Command::Type const, netflix::gibbon::DisplayList::CommandCreatorBase*> >, std::less<netflix::gibbon::DisplayList::Command::Type>, std::allocator<std::pair<netflix::gibbon::DisplayList::Command::Type const, netflix::gibbon::DisplayList::CommandCreatorBase*> > >::_M_get_insert_unique_pos(netflix::gibbon::DisplayList::Command::Type const&)
002f8200	W	std::_Rb_tree_iterator<std::pair<netflix::gibbon::DisplayList::Command::Type const, netflix::gibbon::DisplayList::CommandCreatorBase*> > std::_Rb_tree<netflix::gibbon::DisplayList::Command::Type, std::pair<netflix::gibbon::DisplayList::Command::Type const, netflix::gibbon::DisplayList::CommandCreatorBase*>, std::_Select1st<std::pair<netflix::gibbon::DisplayList::Command::Type const, netflix::gibbon::DisplayList::CommandCreatorBase*> >, std::less<netflix::gibbon::DisplayList::Command::Type>, std::allocator<std::pair<netflix::gibbon::DisplayList::Command::Type const, netflix::gibbon::DisplayList::CommandCreatorBase*> > >::_M_emplace_hint_unique<std::piecewise_construct_t const&, std::tuple<netflix::gibbon::DisplayList::Command::Type const&>, std::tuple<> >(std::_Rb_tree_const_iterator<std::pair<netflix::gibbon::DisplayList::Command::Type const, netflix::gibbon::DisplayList::CommandCreatorBase*> >, std::piecewise_construct_t const&, std::tuple<netflix::gibbon::DisplayList::Command::Type const&>&&, std::tuple<>&&)
002f8200	W	std::_Rb_tree_iterator<std::pair<netflix::gibbon::DisplayList::Command::Type const, netflix::gibbon::DisplayList::CommandCreatorBase*> > std::_Rb_tree<netflix::gibbon::DisplayList::Command::Type, std::pair<netflix::gibbon::DisplayList::Command::Type const, netflix::gibbon::DisplayList::CommandCreatorBase*>, std::_Select1st<std::pair<netflix::gibbon::DisplayList::Command::Type const, netflix::gibbon::DisplayList::CommandCreatorBase*> >, std::less<netflix::gibbon::DisplayList::Command::Type>, std::allocator<std::pair<netflix::gibbon::DisplayList::Command::Type const, netflix::gibbon::DisplayList::CommandCreatorBase*> > >::_M_emplace_hint_unique<std::piecewise_construct_t const&, std::tuple<netflix::gibbon::DisplayList::Command::Type const&>, std::tuple<> >(std::_Rb_tree_const_iterator<std::pair<netflix::gibbon::DisplayList::Command::Type const, netflix::gibbon::DisplayList::CommandCreatorBase*> >, std::piecewise_construct_t const&, std::tuple<netflix::gibbon::DisplayList::Command::Type const&>&&, std::tuple<>&&)
002f83b8	W	std::map<netflix::gibbon::DisplayList::Command::Type, netflix::gibbon::DisplayList::CommandCreatorBase*, std::less<netflix::gibbon::DisplayList::Command::Type>, std::allocator<std::pair<netflix::gibbon::DisplayList::Command::Type const, netflix::gibbon::DisplayList::CommandCreatorBase*> > >::operator[](netflix::gibbon::DisplayList::Command::Type const&)
002f95d0	W	ClearRectCommand::execute(netflix::gibbon::GraphicsEngine*, netflix::gibbon::DisplayList::Command::State*) const
002f99b8	W	FillRectCommand::execute(netflix::gibbon::GraphicsEngine*, netflix::gibbon::DisplayList::Command::State*) const
002f9d78	W	DrawRectCommand::execute(netflix::gibbon::GraphicsEngine*, netflix::gibbon::DisplayList::Command::State*) const
002f9e14	W	DrawTextCommand::execute(netflix::gibbon::GraphicsEngine*, netflix::gibbon::DisplayList::Command::State*) const
002f9ef0	W	SetClipCommand::execute(netflix::gibbon::GraphicsEngine*, netflix::gibbon::DisplayList::Command::State*) const
002fa3d0	W	ClearClipCommand::execute(netflix::gibbon::GraphicsEngine*, netflix::gibbon::DisplayList::Command::State*) const
002fa9e0	W	BlitCommand::execute(netflix::gibbon::GraphicsEngine*, netflix::gibbon::DisplayList::Command::State*) const
002fac84	W	TextureMapCommand::execute(netflix::gibbon::GraphicsEngine*, netflix::gibbon::DisplayList::Command::State*) const
002fb170	W	BatchBlitCommand::execute(netflix::gibbon::GraphicsEngine*, netflix::gibbon::DisplayList::Command::State*) const
0030990c	W	netflix::gibbon::PrerenderCommand::write(netflix::gibbon::DisplayList::Writer&) const
00309950	W	netflix::gibbon::PrerenderCommand::read(netflix::gibbon::DisplayList::Reader&)
00309994	W	netflix::gibbon::CommitPlaybackGroupsCommand::write(netflix::gibbon::DisplayList::Writer&) const
003099d8	W	netflix::gibbon::CommitPlaybackGroupsCommand::read(netflix::gibbon::DisplayList::Reader&)
0030bfd8	W	netflix::gibbon::PrerenderCommand::execute(netflix::gibbon::GraphicsEngine*, netflix::gibbon::DisplayList::Command::State*) const
0030c0ec	W	netflix::gibbon::CommitPlaybackGroupsCommand::execute(netflix::gibbon::GraphicsEngine*, netflix::gibbon::DisplayList::Command::State*) const
0030ce40	W	std::vector<std::shared_ptr<netflix::gibbon::DisplayList::Command>, std::allocator<std::shared_ptr<netflix::gibbon::DisplayList::Command> > >::reserve(unsigned int)
003135b8	T	netflix::gibbon::GibbonScriptBindings::loadScript(netflix::Url const&)
00315050	T	netflix::gibbon::GibbonScriptBindings::evaluate(netflix::DataBuffer const&, netflix::Url const&, netflix::ScriptEngine::Value*, netflix::ScriptEngine::Value*)
00316ebc	T	netflix::gibbon::GibbonScriptBindings::showErrorPage(std::shared_ptr<netflix::Resource> const&, netflix::ScriptEngine::Value const&)
00324918	W	SurfaceCopyCommand::read(netflix::gibbon::DisplayList::Reader&)
00325838	W	SurfaceCopyCommand::write(netflix::gibbon::DisplayList::Writer&) const
00325fcc	W	SurfaceCopyCommand::getRect(netflix::gibbon::DisplayList::Command::State*) const
003281f4	W	SurfaceCopyCommand::execute(netflix::gibbon::GraphicsEngine*, netflix::gibbon::DisplayList::Command::State*) const
003285d8	T	netflix::gibbon::DisplayList::renderArea(netflix::gibbon::DisplayList::Command::State*) const
00328788	T	netflix::gibbon::DisplayList::Writer::write(std::shared_ptr<netflix::gibbon::DisplayList> const&)
00328b5c	T	netflix::gibbon::DisplayList::pixels(netflix::gibbon::DisplayList::Command::State*) const
0032a3b0	T	netflix::gibbon::DisplayList::Reader::read(netflix::DataBuffer const&)
0032bdc4	W	StartCommand::getRect(netflix::gibbon::DisplayList::Command::State*) const
0032be68	W	CommentCommand::execute(netflix::gibbon::GraphicsEngine*, netflix::gibbon::DisplayList::Command::State*) const
0032bef4	W	EnterBlockCommand::execute(netflix::gibbon::GraphicsEngine*, netflix::gibbon::DisplayList::Command::State*) const
0032bf38	W	LeaveBlockCommand::execute(netflix::gibbon::GraphicsEngine*, netflix::gibbon::DisplayList::Command::State*) const
0032bf7c	W	LeaveBlockCommand::write(netflix::gibbon::DisplayList::Writer&) const
0032bfc0	W	LeaveBlockCommand::read(netflix::gibbon::DisplayList::Reader&)
0032d094	W	CommentCommand::read(netflix::gibbon::DisplayList::Reader&)
0032d1c8	W	CommentCommand::write(netflix::gibbon::DisplayList::Writer&) const
0032dc10	W	StartCommand::write(netflix::gibbon::DisplayList::Writer&) const
0032dc88	W	EnterBlockCommand::write(netflix::gibbon::DisplayList::Writer&) const
0032dd04	W	StartCommand::read(netflix::gibbon::DisplayList::Reader&)
0032dda0	W	EnterBlockCommand::read(netflix::gibbon::DisplayList::Reader&)
0032e038	W	std::vector<std::shared_ptr<netflix::gibbon::DisplayList::Command>, std::allocator<std::shared_ptr<netflix::gibbon::DisplayList::Command> > >::~vector()
0032e038	W	std::vector<std::shared_ptr<netflix::gibbon::DisplayList::Command>, std::allocator<std::shared_ptr<netflix::gibbon::DisplayList::Command> > >::~vector()
0032e394	W	EnterBlockCommand::getRect(netflix::gibbon::DisplayList::Command::State*) const
0032efc8	W	RenderStateCommand::write(netflix::gibbon::DisplayList::Writer&) const
0032fc84	W	std::__shared_ptr<netflix::gibbon::DisplayList::Command, (__gnu_cxx::_Lock_policy)2>::__shared_ptr<netflix::gibbon::DisplayList::Command>(std::__weak_ptr<netflix::gibbon::DisplayList::Command, (__gnu_cxx::_Lock_policy)2> const&)
0032fc84	W	std::__shared_ptr<netflix::gibbon::DisplayList::Command, (__gnu_cxx::_Lock_policy)2>::__shared_ptr<netflix::gibbon::DisplayList::Command>(std::__weak_ptr<netflix::gibbon::DisplayList::Command, (__gnu_cxx::_Lock_policy)2> const&)
0032fd38	W	std::map<netflix::gibbon::DisplayList::Command::Type, netflix::gibbon::DisplayList::CommandCreatorBase*, std::less<netflix::gibbon::DisplayList::Command::Type>, std::allocator<std::pair<netflix::gibbon::DisplayList::Command::Type const, netflix::gibbon::DisplayList::CommandCreatorBase*> > >::~map()
0032fd38	W	std::map<netflix::gibbon::DisplayList::Command::Type, netflix::gibbon::DisplayList::CommandCreatorBase*, std::less<netflix::gibbon::DisplayList::Command::Type>, std::allocator<std::pair<netflix::gibbon::DisplayList::Command::Type const, netflix::gibbon::DisplayList::CommandCreatorBase*> > >::~map()
0032fe40	W	std::_Rb_tree<std::string, std::pair<std::string const, std::shared_ptr<netflix::gibbon::DisplayList::Command> >, std::_Select1st<std::pair<std::string const, std::shared_ptr<netflix::gibbon::DisplayList::Command> > >, std::less<std::string>, std::allocator<std::pair<std::string const, std::shared_ptr<netflix::gibbon::DisplayList::Command> > > >::_M_get_insert_unique_pos(std::string const&)
0032ff4c	W	std::_Rb_tree_iterator<std::pair<std::string const, std::shared_ptr<netflix::gibbon::DisplayList::Command> > > std::_Rb_tree<std::string, std::pair<std::string const, std::shared_ptr<netflix::gibbon::DisplayList::Command> >, std::_Select1st<std::pair<std::string const, std::shared_ptr<netflix::gibbon::DisplayList::Command> > >, std::less<std::string>, std::allocator<std::pair<std::string const, std::shared_ptr<netflix::gibbon::DisplayList::Command> > > >::_M_emplace_hint_unique<std::piecewise_construct_t const&, std::tuple<std::string const&>, std::tuple<> >(std::_Rb_tree_const_iterator<std::pair<std::string const, std::shared_ptr<netflix::gibbon::DisplayList::Command> > >, std::piecewise_construct_t const&, std::tuple<std::string const&>&&, std::tuple<>&&)
0032ff4c	W	std::_Rb_tree_iterator<std::pair<std::string const, std::shared_ptr<netflix::gibbon::DisplayList::Command> > > std::_Rb_tree<std::string, std::pair<std::string const, std::shared_ptr<netflix::gibbon::DisplayList::Command> >, std::_Select1st<std::pair<std::string const, std::shared_ptr<netflix::gibbon::DisplayList::Command> > >, std::less<std::string>, std::allocator<std::pair<std::string const, std::shared_ptr<netflix::gibbon::DisplayList::Command> > > >::_M_emplace_hint_unique<std::piecewise_construct_t const&, std::tuple<std::string const&>, std::tuple<> >(std::_Rb_tree_const_iterator<std::pair<std::string const, std::shared_ptr<netflix::gibbon::DisplayList::Command> > >, std::piecewise_construct_t const&, std::tuple<std::string const&>&&, std::tuple<>&&)
00330188	W	std::map<std::string, std::shared_ptr<netflix::gibbon::DisplayList::Command>, std::less<std::string>, std::allocator<std::pair<std::string const, std::shared_ptr<netflix::gibbon::DisplayList::Command> > > >::operator[](std::string const&)
00330288	W	RenderStateCommand::read(netflix::gibbon::DisplayList::Reader&)
003307ec	W	StartCommand::execute(netflix::gibbon::GraphicsEngine*, netflix::gibbon::DisplayList::Command::State*) const
003308a4	W	RenderStateCommand::execute(netflix::gibbon::GraphicsEngine*, netflix::gibbon::DisplayList::Command::State*) const
0033d19c	T	netflix::gibbon::SurfaceCache::DecodeJob::decode(netflix::Time const&)
0033d5e0	T	netflix::gibbon::SurfaceCache::decode(std::shared_ptr<netflix::gibbon::GibbonResource> const&, std::shared_ptr<netflix::gibbon::SurfaceLoader> const&)
0033ee1c	T	netflix::gibbon::SurfaceCache::load(std::shared_ptr<netflix::gibbon::SurfaceLoader> const&)
00358930	W	netflix::gibbon::Image::Listener::onImageDownloaded(std::shared_ptr<netflix::gibbon::Image> const&, netflix::ResourceRequest::State, std::shared_ptr<netflix::Resource> const&)
00358a54	W	netflix::gibbon::SurfaceSource::Listener::onImageDownloaded(std::shared_ptr<netflix::gibbon::SurfaceSource> const&, netflix::ResourceRequest::State, std::shared_ptr<netflix::Resource> const&)
0037ee50	W	netflix::gibbon::PlayerRenderCommand::write(netflix::gibbon::DisplayList::Writer&) const
0037ee94	W	netflix::gibbon::PlayerRenderCommand::read(netflix::gibbon::DisplayList::Reader&)
0037f288	W	netflix::gibbon::PlayerRenderCommand::execute(netflix::gibbon::GraphicsEngine*, netflix::gibbon::DisplayList::Command::State*) const
00391a14	T	netflix::gibbon::Widget::RecursePrerender::process(std::shared_ptr<netflix::gibbon::Widget> const&, netflix::gibbon::Rect const&)
0039d96c	W	EffectRendererCommand::write(netflix::gibbon::DisplayList::Writer&) const
0039d9b0	W	EffectRendererCommand::read(netflix::gibbon::DisplayList::Reader&)
0039f1c0	W	EffectRendererCommand::execute(netflix::gibbon::GraphicsEngine*, netflix::gibbon::DisplayList::Command::State*) const
0039fc2c	W	EffectRendererCommand::getRect(netflix::gibbon::DisplayList::Command::State*) const
003a3f70	W	netflix::gibbon::Widget::RecursePurge::process(std::shared_ptr<netflix::gibbon::Widget> const&, netflix::gibbon::Rect const&)
003b05c0	T	netflix::gibbon::GibbonBridge::eval(netflix::Variant const&)
003d5588	T	netflix::gibbon::GibbonDebuggerBridge::updateLocation(netflix::Url const&)
003d6c64	T	netflix::gibbon::GibbonDebuggerBridge::endResourceRequest(std::shared_ptr<netflix::ResourceRequest> const&, std::shared_ptr<netflix::Resource> const&, netflix::ResourceRequest::State)
003e5d8c	T	netflix::gibbon::ThreadBridge::Thread::Thread(std::shared_ptr<netflix::gibbon::ThreadBridge> const&)
003e5d8c	T	netflix::gibbon::ThreadBridge::Thread::Thread(std::shared_ptr<netflix::gibbon::ThreadBridge> const&)
003e68ec	T	netflix::gibbon::ThreadBridge::Thread::start()
003e7ee4	T	netflix::gibbon::ThreadBridge::Thread::run()
003e984c	W	std::_Sp_counted_ptr<netflix::gibbon::ThreadBridge::Thread*, (__gnu_cxx::_Lock_policy)2>::~_Sp_counted_ptr()
003e984c	W	std::_Sp_counted_ptr<netflix::gibbon::ThreadBridge::Thread*, (__gnu_cxx::_Lock_policy)2>::~_Sp_counted_ptr()
003e9ab8	W	std::_Sp_counted_ptr<netflix::gibbon::ThreadBridge::Thread*, (__gnu_cxx::_Lock_policy)2>::_M_dispose()
003e9b24	W	std::_Sp_counted_ptr<netflix::gibbon::ThreadBridge::Thread*, (__gnu_cxx::_Lock_policy)2>::_M_get_deleter(std::type_info const&)
003e9f1c	W	std::_Sp_counted_ptr<netflix::gibbon::ThreadBridge::Thread*, (__gnu_cxx::_Lock_policy)2>::~_Sp_counted_ptr()
003e9f80	W	std::_Sp_counted_ptr<netflix::gibbon::ThreadBridge::Thread*, (__gnu_cxx::_Lock_policy)2>::_M_destroy()
003ea954	W	netflix::gibbon::ThreadBridge::Thread::~Thread()
003ea954	W	netflix::gibbon::ThreadBridge::Thread::~Thread()
003eaf60	W	netflix::gibbon::ThreadBridge::Thread::~Thread()
00476a94	W	netflix::gibbon::Image::load(netflix::Url const&, netflix::Flags<netflix::gibbon::SurfaceLoadSource::LoadFlag>, std::string const&)
0049c9cc	W	netflix::gibbon::DrawGlyphsCommand::write(netflix::gibbon::DisplayList::Writer&) const
0049d0b0	W	netflix::gibbon::DrawGlyphsCommand::getRect(netflix::gibbon::DisplayList::Command::State*) const
0049dc04	W	netflix::gibbon::DrawGlyphsCommand::read(netflix::gibbon::DisplayList::Reader&)
004a0700	W	netflix::gibbon::DrawGlyphsCommand::execute(netflix::gibbon::GraphicsEngine*, netflix::gibbon::DisplayList::Command::State*) const
004a4d64	T	netflix::gibbon::SurfaceDecoderPlatform::decode(netflix::Time const&, netflix::gibbon::SurfaceDecoder::DecodeInfo*) const
004aa22c	T	netflix::gibbon::ShaderEffectGLES2Command::applyUniform(netflix::gibbon::OpenGLState*, netflix::gibbon::EffectShader::Data::Uniform const&, netflix::gibbon::GraphicsEngine*, netflix::gibbon::DisplayList::Command::State*, std::shared_ptr<netflix::gibbon::Surface> const&, unsigned int&) const
004ab880	T	netflix::gibbon::OpenGLShaderManagerCommand::execute(netflix::gibbon::GraphicsEngine*, netflix::gibbon::DisplayList::Command::State*) const
004ac764	T	netflix::gibbon::BlurEffectGLES2Command::execute(netflix::gibbon::GraphicsEngine*, netflix::gibbon::DisplayList::Command::State*) const
004ae69c	T	netflix::gibbon::ShaderEffectGLES2Command::execute(netflix::gibbon::GraphicsEngine*, netflix::gibbon::DisplayList::Command::State*) const
004afb04	W	netflix::gibbon::BlurEffectGLES2Command::getRect(netflix::gibbon::DisplayList::Command::State*) const
004afbfc	W	netflix::gibbon::ShaderEffectGLES2Command::getRect(netflix::gibbon::DisplayList::Command::State*) const
004afcac	W	netflix::gibbon::ShaderEffectGLES2Command::read(netflix::gibbon::DisplayList::Reader&)
004afcf0	W	netflix::gibbon::ShaderEffectGLES2Command::write(netflix::gibbon::DisplayList::Writer&) const
004afd7c	W	netflix::gibbon::OpenGLShaderManagerCommand::getRect(netflix::gibbon::DisplayList::Command::State*) const
004afe2c	W	netflix::gibbon::OpenGLShaderManagerCommand::read(netflix::gibbon::DisplayList::Reader&)
004afe70	W	netflix::gibbon::OpenGLShaderManagerCommand::write(netflix::gibbon::DisplayList::Writer&) const
004b2ff0	W	netflix::gibbon::BlurEffectGLES2Command::read(netflix::gibbon::DisplayList::Reader&)
004b3a44	W	netflix::gibbon::BlurEffectGLES2Command::write(netflix::gibbon::DisplayList::Writer&) const
004d1180	T	netflix::gibbon::SurfaceDecoder::DecodeInfo::decode(netflix::Time const&)
004d6cb0	T	netflix::gibbon::SurfaceDecoderSpine::decode(netflix::Time const&, netflix::gibbon::SurfaceDecoder::DecodeInfo*) const
004e8f4c	T	netflix::gibbon::SurfaceDecoderSNG::decode(netflix::Time const&, netflix::gibbon::SurfaceDecoder::DecodeInfo*) const
004f6b54	T	netflix::gibbon::SurfaceDecoderMSKD::decode(netflix::Time const&, netflix::gibbon::SurfaceDecoder::DecodeInfo*) const
004f7d48	T	netflix::gibbon::ContextWebP::decode(netflix::Time const&, netflix::gibbon::SurfaceDecoder::DecodeInfo*)
004f82b8	T	netflix::gibbon::SurfaceDecoderWebP::decode(netflix::Time const&, netflix::gibbon::SurfaceDecoder::DecodeInfo*) const
004f96ec	T	netflix::gibbon::ContextPNG::decode(netflix::Time const&, netflix::gibbon::SurfaceDecoder::DecodeInfo*)
004f9e30	T	netflix::gibbon::SurfaceDecoderPNG::decode(netflix::Time const&, netflix::gibbon::SurfaceDecoder::DecodeInfo*) const
004fade0	T	netflix::gibbon::ContextJPEG::decode(netflix::Time const&, netflix::gibbon::SurfaceDecoder::DecodeInfo*)
004fb1ec	T	netflix::gibbon::SurfaceDecoderJPEG::decode(netflix::Time const&, netflix::gibbon::SurfaceDecoder::DecodeInfo*) const
004fccd8	T	netflix::gibbon::SurfaceDecoderDDS::decode(netflix::Time const&, netflix::gibbon::SurfaceDecoder::DecodeInfo*) const
004fd8d8	T	netflix::gibbon::SurfaceDecoderKTX::decode(netflix::Time const&, netflix::gibbon::SurfaceDecoder::DecodeInfo*) const
00514b40	T	netflix::gibbon::Image::sendImageDownloaded(netflix::ResourceRequest::State, std::shared_ptr<netflix::Resource> const&)
00516aa8	T	netflix::gibbon::Image::load(netflix::gibbon::SurfaceLoadSource const&)
0051d150	T	netflix::gibbon::SurfaceSource::load(std::shared_ptr<netflix::gibbon::Widget> const&)
0051d3ac	T	netflix::gibbon::SurfaceSource::load(std::shared_ptr<netflix::gibbon::Image> const&)
0051d600	T	netflix::gibbon::SurfaceSource::load(netflix::gibbon::SurfaceLoadSource const&)
0051e2e8	W	netflix::gibbon::SurfaceSource::ImageListener::onImageDownloaded(std::shared_ptr<netflix::gibbon::Image> const&, netflix::ResourceRequest::State, std::shared_ptr<netflix::Resource> const&)
